Statistic,Value
Mean,50.51178510273972
Median,50.15
Std Dev,10.026688622353797
Min,25.62
Max,147.1
25th Percentile,43.51
50th Percentile (Median),50.15
75th Percentile,56.82
Variance,100.53448472963908
